{
    "Request Sended Successfully.": "",
    "Select Your Location": "",
    "License code": "",
    "Your name": "",
    "Your Name": "",
    "Submit": "",
    "Add Coupon": "",
    "Add Grocery Coupon": "",
    "Grocery Coupon": "",
    "Back to list": "",
    "Coupon Detail": "",
    "Coupon Name": "",
    "Name": "",
    "Description": "",
    "Location": "",
    "Select Location": "",
    "Maximum Usage": "",
    "Counpon Type:": "",
    "Amount": "",
    "Percentage": "",
    "Discount": "",
    "(In Amount)": "",
    "Activate Date": "",
    "Status": "",
    "Image": "",
    "Save": "",
    "Edit Coupon": "",
    "Edit Grocery Coupon": "",
    "Code": "",
    "Select Status": "",
    "Manage Coupon": "",
    "Add New Coupon": "",
    "#": "",
    "already Use": "",
    "Duration": "",
    "Action": "",
    "Edit": "",
    "Delete": "",
    "Nothing!!": "",
    "Your Collection list is empty....": "",
    "DashBoard": "",
    "Shops": "",
    "New users": "",
    "Sales": "",
    "Delivery Guys": "",
    "Grocery Order Requests": "",
    "See all": "",
    "Order ID": "",
    "Customer": "",
    "payment": "",
    "date": "",
    "Payment GateWay": "",
    "Our Locations": "",
    "Categories": "",
    "Happy Customers": "",
    "Our Shops": "",
    "Radius": "",
    "View": "",
    "Our Items": "",
    "Add Item": "",
    "Add Grocery Item": "",
    "Grocery Items": "",
    "Add New Item": "",
    "Item Detail": "",
    "Item's Shop": "",
    "Price": "",
    "Sell Price": "",
    "description": "",
    "Detail": "",
    "Item's Category": "",
    "Sub Category": "",
    "Brand": "",
    "Weight": "",
    "Select file": "",
    "stock": "",
    "Stock Unit": "",
    "Select Item Unit": "",
    "Top Featured": "",
    "Image Gallery": "",
    "Item Unit Detail": "",
    "Quantity": "",
    "Unit": "",
    "Discounted Price": "",
    "Original Price": "",
    "Add Grocery Gallery": "",
    "Grocery Item": "",
    "Item Gallery": "",
    "Edit Item": "",
    "Edit Grocery Item": "",
    "Select Shop": "",
    "Select Category": "",
    "Select Sub Category": "",
    "Items": "",
    "Category:": "",
    " Shop:": "",
    "Pure Veg": "",
    "Non-veg": "",
    "Category": "",
    "Shop": "",
    "View Item": "",
    "Gallery": "",
    "Your Collection list in empty....": "",
    "Grocery Item Gallery": "",
    "Add New Images": "",
    "Invoice": "",
    "Orders": "",
    "Print": "",
    "Add New Shop": "",
    "Location Detail": "",
    "Invoice to": "",
    "Order Date :": "",
    "Order Status :": "",
    "Order Id :": "",
    "Payment Type :": "",
    "Payment Status :": "",
    "Payment ID :": "",
    "Item": "",
    "Items Total :": "",
    "Delivery Charge :": "",
    "Coupon Discount :": "",
    "Total Payment :": "",
    "Shop Detail": "",
    "Grocery Orders": "",
    "Delivery Type": "",
    "Order Status": "",
    "Driver": "",
    "Payment Status": "",
    "Select Driver": "",
    "Location Name": "",
    "Date": "",
    "Payment Gateway": "",
    "Payment": "",
    "Total Income": "",
    "View Order": "",
    "View Grocery Order": "",
    "Add Shop": "",
    "Grocery Shop": "",
    "Add Grocery Shop": "",
    "Shop Name": "",
    "Shop Address": "",
    "Latitude": "",
    "Longitude": "",
    "Website": "",
    "Phone": "",
    "Select Delivery Type": "",
    "Shop Radius": "",
    "Open Time": "",
    "Close Time": "",
    "Close Time ": "",
    "Shop Logo": "",
    "Cover Image": "",
    "Edit Shop": "",
    "Edit Grocery Shop": "",
    "Grocery Shops": "",
    "Edit Grocery Shop Detail": "",
    "Opening Hours": "",
    "Address": "",
    "Veg": "",
    "Includes egg": "",
    "Is New": "",
    "Is Popular": "",
    "Is New?": "",
    "Is Popular?": "",
    "Is Pure Veg?": "",
    "Shop:": "",
    "Shop Item": "",
    "Item is": "",
    "Made with": "",
    "by": "",
    "Dashboard": "",
    "Search": "",
    "Arebic": "",
    "Welcome": "",
    "My profile": "",
    "Notification": "",
    "Settings": "",
    "Logout": "",
    "Welcome!": "",
    "Activity": "",
    "Support": "",
    "Locations": "",
    "Grocery Category": "",
    "Grocery SubCategory": "",
    "Banner": "",
    "Manage Users": "",
    "Users": "",
    "Reports": "",
    "Customer Report": "",
    "Revenue Report": "",
    "Notification Setting": "",
    "FAQ": "",
    "Setting": "",
    "Click": "",
    "All": "",
    "Pending": "",
    "Approved": "",
    "On the way": "",
    "Delivered": "",
    "Cancel": "",
    "Add New user": "",
    "Apply": "",
    "Shop Charge": "",
    "Shop Name :": "",
    "Shop Charge :": "",
    "Owner Profile": "",
    "Connect": "",
    "Message": "",
    "Customers": "",
    "Shop Owner - Gambo": "",
    "Edit Profile": "",
    "Owner information": "",
    "Email": "",
    "Change Password": "",
    "Current Password": "",
    "New Password": "",
    "Confirm New Password": "",
    "General": "",
    "Language Setting": "",
    "User Verification": "",
    "Commission Setting": "",
    "Push Notification": "",
    "Web Notification": "",
    "Mail": "",
    "SMS Gateway": "",
    "Map Setting": "",
    "Loyalty Point setting": "",
    "Additional setting": "",
    "License setting": "",
    "Sound & vibration": "",
    "Web Notification Setting": "",
    "Enable Web Notification": "",
    "One Signal Rest Api Key": "",
    "One Signal Rest Api Key for Web notification": "",
    "One Signal Auth Key": "",
    "One Signal Auth Key for Web notification": "",
    "One Signal AppID": "",
    "One Signal AppID for Web notification": "",
    "Company's General Setting": "",
    "Email ID": "",
    "Logo": "",
    "Dark Logo": "",
    "Responsive Logo": "",
    "Favicon Icon": "",
    "Payment Gateway Setting": "",
    "COD (Cash on delivery Payment)": "",
    "Whatsapp": "",
    "Stripe (Online Payment with Stripe)": "",
    "Paypal (Paypal Express Checkout)": "",
    "RazorPay": "",
    "Flutterwave": "",
    "Paystack": "",
    "Paytabs (Online Payment with Paytabs)": "",
    "Stripe": "",
    "Stripe Public Key": "",
    "Stripe Secret Key": "",
    "Stripe Secret Key:": "",
    "Paypal": "",
    "Paypal Sandbox Key": "",
    "Paypal Sandbox Key:": "",
    "Paypal Production Key": "",
    "Paypal Production Key:": "",
    "Razor Public Key": "",
    "RazorPay Public Key": "",
    "RazorPay Secret Key": "",
    "RazorPay Secret Key:": "",
    "Flutterwave Public Key": "",
    "Paystack Public Key": "",
    "Paytabs": "",
    "Paytabs Merchant Email": "",
    "Paytabs Secret Key": "",
    "Paytabs Secret Key:": "",
    "Language Name": "",
    "Add New Language": "",
    "Language File": "",
    "Language Map icon": "",
    "User Verification Setting": "",
    "Verify User": "",
    "Verification using Phone": "",
    "Verification using Email": "",
    "Gambo Commission": "",
    "Gambo Commission in amount": "",
    "(in Percentage)": "",
    "Gambo commission in percentage": "",
    "Delivery charge per order": "",
    "Delivery charge per order(in Amount)": "",
    "Delivery charge per order(in Percentage)": "",
    "Push Notification Setting": "",
    "Enable Push Notification": "",
    "One Signal Project No.": "",
    "SMTP Setting": "",
    "Enable Mail Notification": "",
    "Mail Host": "",
    "Mail Port": "",
    "Mail UserName": "",
    "Mail Password": "",
    "Sender Email ID": "",
    "SMS Setting": "",
    "Enable SMS Notification": "",
    "Twilio Account ID": "",
    "Twilio Auth Token": "",
    "Twilio Phone Number": "",
    "Map Api Key": "",
    "Map api key": "",
    "The Maps JavaScript API lets you customize maps with your own content and imagery for display on web pages and mobile devices. See": "",
    "Get API Key": "",
    "for more information": "",
    "Default Latitude": "",
    "Default Longitude": "",
    "Loyalty Point Setting": "",
    "Enable Loyalty Point System": "",
    "Point per Order": "",
    "Value of each point": "",
    "Maximum Order for Point": "",
    "Minimum cart value": "",
    "Maximum reedem Amount": "",
    "General Setting": "",
    "Currency": "",
    "Default Order Status for Food": "",
    "Default Order Status for Grocery": "",
    "Request Duration": "",
    "Delivery charges": "",
    "Default radius of Driver (in KM):": "",
    "Deliver Product of": "",
    "Food": "",
    "Grocery": "",
    "Both": "",
    "License Setting": "",
    "License Key": "",
    "License name": "",
    "Desktop notification when order arrive": "",
    "Add Category": "",
    "Category Detail": "",
    "Add Grocery SubCategory": "",
    "SubCategory": "",
    "SubCategory Detail": "",
    "Edit Category": "",
    "Edit SubCategory": "",
    "User Management": "",
    "Add SubCategory": "",
    "Add User": "",
    "User information": "",
    "Date of Birth": "",
    "Date Of Birth": "",
    "Password": "",
    "Confirm Password": "",
    "Add user": "",
    "Notifications": "",
    "Add New Category": "",
    "Sign in": "",
    "Please confirm your password before continuing.": "",
    "Forgot Your Password?": "",
    "Reset Password": "",
    "E-Mail Address": "",
    "Send Password Reset Link": "",
    "Back to Login": "",
    "Reset": "",
    "Register": "",
    "Verify Your Email Address": "",
    "A fresh verification link has been sent to your email address.": "",
    "Before proceeding, please check your email for a verification link.": "",
    "If you did not receive the email": "",
    "click here to request another": "",
    "Success!": "",
    "Your Payment successfully completed.": "",
    "back to home": "",
    "Unauthorized": "",
    "Forbidden": "",
    "Not Found": "",
    "Page Expired": "",
    "Too Many Requests": "",
    "Server Error": "",
    "Service Unavailable": "",
    "Oh no": "",
    "Go Home": "",
    "All Categories": "",
    "Home": "",
    "No Categories Available": "",
    "All Products": "",
    "Featured Products": "",
    "New Arrival": "",
    "Price - Low to High": "",
    "Price - High to Low": "",
    "Alphabetical": "",
    "Saving - High to Low": "",
    "Saving - Low to High": "",
    "No Product Available": "",
    "Show More": "",
    "Save Chnages": "",
    "Checkout": "",
    "Have a promocode?": "",
    "Enter a valid promocode and get amazing discounts": "",
    "Delivery Address": "",
    "Flat \/ House \/ Office No.": "",
    "Street \/ Society \/ Office Name": "",
    "Pincode": "",
    "City": "",
    "Add New Address": "",
    "Name on Card": "",
    "Card Number": "",
    "Expiration Month": "",
    "Expiration Year": "",
    "Year": "",
    "CVV": "",
    "Place Order": "",
    "Order Summary": "",
    "OFF": "",
    "Delivery Charges": "",
    "Total Saving": "",
    "Total": "",
    "Secure checkout": "",
    "100% Replacement Guarantee": "",
    "100% Genuine Products": "",
    "Secure Payments": "",
    "Contact Us": "",
    "Head Office:": "",
    "Submit customer service request": "",
    "If you have a question about our service or have an issue to report, please send a request and we will get back to you as soon as possible.": "",
    "Full Name": "",
    "Your Full Name": "",
    "Email Address": "",
    "Your Email Address": "",
    "Subject": "",
    "Write Message": "",
    "Submit Request": "",
    "Frequently Asked Questions": "",
    "No FAQ Available": "",
    "Forgot Password": "",
    "Get New Password": "",
    "Go Back": "",
    "Sign In Now": "",
    "Copyright": "",
    "All rights reserved": "",
    "Off": "",
    "Shop By": "",
    "No Category Available": "",
    "For You": "",
    "Top Featured Products": "",
    "See All": "",
    "Offers": "",
    "Best Values": "",
    "Fresh Vegetables & Fruits": "",
    "Added New Products": "",
    "items": "",
    "Subtotal": "",
    "Delivery Details": "",
    "Payment Option": "",
    "Cash on Delivery": "",
    "Whatsapp (Cash on Delivery)": "",
    "Thanks for Ordering": "",
    "All Category": "",
    "Useful Links": "",
    "Faq": "",
    "Top Cities": "",
    "Download App": "",
    "Payment Method": "",
    "Newsletter": "",
    "Contact": "",
    "Privacy Policy": "",
    "Term & Conditions": "",
    "Refund & Return Policy": "",
    "Search for products..": "",
    "Help": "",
    "Night mode": "",
    "Dashbaord": "",
    "Profile": "",
    "Chnage Password": "",
    "My Orders": "",
    "My Wishlist": "",
    "My Address": "",
    "Sign In": "",
    "Sign Up": "",
    "Cart": "",
    "Office": "",
    "Other": "",
    "Add": "",
    "Edit Address": "",
    "Save Changes": "",
    "My Cart": "",
    "Proceed to Checkout": "",
    "More Categories": "",
    "off": "",
    "Not Available": "",
    "(Out Of Stock)": "",
    "Available": "",
    "(In Stock)": "",
    "Overview": "",
    "Shopping Wishlist": "",
    "No Offers Available": "",
    "Order Placed": "",
    "Order Successfully Placed": "",
    "Thank you for your order! will received order soon": "",
    "Your order will be sent to this address": "",
    "Phone Number": "",
    "Stay Home": "",
    "invoice": "",
    "The payment of": "",
    "you'll make when the deliver arrives with your order.": "",
    "Verify-OTP": "",
    "Enter OTP": "",
    "Verify OTP": "",
    "Back to home": "",
    "Addresses": "",
    "Hi": "",
    "Recent Order": "",
    "No Order Found": "",
    "All Orders": "",
    "Order Placed : ": "",
    "Sub Total": "",
    "Track Order": "",
    "Placed": "",
    "Packed": "",
    "Delivery Boy": "",
    "Call Us": "",
    "View Invoice": "",
    "Phone Code": "",
    "Phone number": "",
    "Date of birth": "",
    "Profile Photo": "",
    "Search Products": "",
    "Search result of : ": "",
    "Sign-in": "",
    "Enter Email Address": "",
    "Enter Password": "",
    "Don't have an account?": "",
    "Sign Up Now": "",
    "Sign-up": "",
    "Full name": "",
    "Phone Code e.g.: +91": "",
    "I have an account?": "",
    "(Instock)": "",
    "Discount Price": "",
    "MRP Price": "",
    "Order Now": "",
    "Lowest Price Guaranteed": "",
    "Get difference refunded if you find it cheaper anywhere else.": "",
    "Easy Returns & Refunds": "",
    "Return products at doorstep and get refund in seconds.": "",
    "More Like This": "",
    "Product Details": "",
    "Add Banner": "",
    "Banner Detail": "",
    "Title 1": "",
    "Title 2": "",
    "URL": "",
    "Edit Banner": "",
    "Manage Banner": "",
    "Add New Banner": "",
    "Id": "",
    "Add Faq": "",
    "Faq Detail": "",
    "Title": "",
    "Edit Faq": "",
    "Manage FAQ": "",
    "Add New Faq": "",
    "Add Grocery Category": "",
    "Grocery Category Detail": "",
    "Edit Grocery Category": "",
    "Total Shop": "",
    "Total Orders": "",
    "Shop Owners": "",
    "Add Location": "",
    "Edit Location": "",
    "Edit Location Detail": "",
    "Manage Locations": "",
    "Add New Location": "",
    "Popular": "",
    "Modules": "",
    "Coupons": "",
    "Looking for coupons? Gambo Freecharge Coupon. A comprehensive database of Restaurants coupons, discount & Promo codes.": "",
    "Added": "",
    "Add Now": "",
    "Mail Notification Template": "",
    "Send e-mail & SMS notifications both to customers and Drivers - when an order is booked, verification and other.": "",
    "Add Template": "",
    "Templates": "",
    "Notification Detail": "",
    "Content for Mail": "",
    "Content for Message": "",
    "Notification Template": "",
    "Add New Template": "",
    "Edit Template": "",
    "Email Placeholder": "",
    "Send Test Mail": "",
    "Recipient Email": "",
    "Close": "",
    "Send": "",
    "Admin Profile": "",
    "Admin": "",
    "Admin information": "",
    "Role & Permission": "",
    "permission Detail": "",
    "Role Detail": "",
    "Language File:": "",
    "Language Map icon:": "",
    "Verify User:": "",
    "Verification using Phone:": "",
    "Verification using Email:": "",
    "Delivery Charge": "",
    "Add Driver": "",
    "Drivers": "",
    "Driver information": "",
    "Role": "",
    "Delivery Boys": "",
    "Add Delivery Boy": "",
    "Assign area": "",
    "Assign Radius to Driver": "",
    "Radius (KM)": "",
    "Edit Driver": "",
    "Edit User": "",
    "Owners": "",
    "Registered at": "",
    "Languages": "",
    "Sample .json":""
}